id,first_name,last_name,email,gender,ip_address
1,Murvyn,Bushby,mbushby0@mit.edu,Male,56.180.209.199
2,Rossie,Waye,rwaye1@google.com.hk,Male,140.209.59.131
3,Obie,Spykings,ospykings2@tripadvisor.com,Male,110.221.223.236
4,Emlynne,Casone,ecasone3@booking.com,Female,15.112.217.207
5,Perren,Folder,pfolder4@homestead.com,Male,65.195.191.224
6,Cherilynn,McClinton,cmcclinton5@google.ru,Female,96.101.16.21
7,Sebastiano,Kann,skann6@redcross.org,Male,99.95.6.93
8,Ario,MacDuff,amacduff7@etsy.com,Male,208.47.35.243
9,Melesa,Skerm,mskerm8@chronoengine.com,Female,109.88.128.147
10,Heall,Owenson,howenson9@cocolog-nifty.com,Male,242.83.229.139
11,Townie,Sussex,tsussexa@vkontakte.ru,Male,179.143.151.129
12,Thedrick,Farebrother,tfarebrotherb@odnoklassniki.ru,Male,1.168.146.112
13,Cecilio,Field,cfieldc@disqus.com,Male,77.165.72.39
14,Chlo,Edinborough,cedinboroughd@nature.com,Female,143.167.186.126
15,Bern,Djurisic,bdjurisice@webnode.com,Male,99.166.11.67
16,Wrennie,Dunbleton,wdunbletonf@de.vu,Female,193.2.162.179
17,Deloria,Behagg,dbehaggg@bbc.co.uk,Female,76.100.175.200
18,Orly,Byk,obykh@oaic.gov.au,Female,249.198.100.9
19,Carey,O'Noland,conolandi@bluehost.com,Female,141.209.121.163
20,Sharleen,Bondley,sbondleyj@dailymotion.com,Female,187.27.232.127
21,Lynde,Ridde,lriddek@biblegateway.com,Female,254.86.8.191
22,Christel,Farncombe,cfarncombel@mediafire.com,Female,154.229.173.196
23,Sigfried,Nesby,snesbym@alexa.com,Male,196.223.231.232
24,Brigit,Staning,bstaningn@dedecms.com,Female,155.81.91.46
25,Elladine,Daniels,edanielso@berkeley.edu,Female,62.75.117.79
26,Georas,Sheer,gsheerp@google.es,Male,176.209.194.158
27,Barnard,Brimicombe,bbrimicombeq@bandcamp.com,Male,50.148.204.62
28,Tarah,Gauvain,tgauvainr@stanford.edu,Female,14.75.240.145
29,Jecho,Binder,jbinders@a8.net,Male,30.152.238.80
30,Robbi,Sefton,rseftont@youtu.be,Female,3.16.51.184
31,Almeda,Ronisch,aronischu@bbb.org,Female,116.54.120.169
32,Chick,Kilbee,ckilbeev@furl.net,Male,255.241.29.64
33,Kellina,Ruddy,kruddyw@epa.gov,Female,145.189.244.143
34,Karoly,Bankes,kbankesx@umn.edu,Male,80.163.95.11
35,Wade,Crevy,wcrevyy@bravesites.com,Male,5.83.58.184
36,Decca,Saffen,dsaffenz@cafepress.com,Male,107.31.135.250
37,Timothee,Schimann,tschimann10@qq.com,Male,44.92.244.187
38,Godfry,Dibdall,gdibdall11@t.co,Male,39.1.207.255
39,Penelopa,Tolworthy,ptolworthy12@abc.net.au,Female,92.137.215.84
40,Lovell,Beadham,lbeadham13@thetimes.co.uk,Male,10.75.240.2
41,Antonetta,Lucken,alucken14@cbslocal.com,Female,199.98.46.35
42,Marshal,Anten,manten15@clickbank.net,Male,222.186.195.123
43,Sheba,Gymblett,sgymblett16@unc.edu,Female,193.34.52.211
44,Maegan,Langstaff,mlangstaff17@upenn.edu,Female,100.107.222.119
45,Petra,Jobern,pjobern18@msu.edu,Female,17.10.150.190
46,Essy,Shotbolt,eshotbolt19@wikia.com,Female,139.202.46.200
47,Audra,Hatliff,ahatliff1a@slashdot.org,Female,42.6.89.94
48,Mariana,Bonick,mbonick1b@sourceforge.net,Female,20.62.178.138
49,Noby,Duncan,nduncan1c@shareasale.com,Male,15.24.164.80
50,Birdie,Imms,bimms1d@narod.ru,Female,241.243.11.165
51,Hamilton,Bartelli,hbartelli1e@barnesandnoble.com,Male,195.108.59.227
52,Raphaela,Buse,rbuse1f@booking.com,Female,3.78.210.97
53,Calhoun,Jacqueminot,cjacqueminot1g@cbsnews.com,Male,154.118.92.29
54,Bertha,Wilford,bwilford1h@is.gd,Female,21.132.80.204
55,Adi,Lomaz,alomaz1i@gmpg.org,Female,43.56.83.186
56,Gayel,Krimmer,gkrimmer1j@drupal.org,Female,98.102.37.80
57,Ardisj,Jacobowits,ajacobowits1k@netvibes.com,Female,6.177.240.81
58,Cameron,Terlinden,cterlinden1l@hubpages.com,Male,119.183.8.13
59,Roddy,Saddler,rsaddler1m@amazonaws.com,Male,151.109.171.209
60,Rudiger,Berrie,rberrie1n@wp.com,Male,82.61.50.10
61,Louella,Sapshed,lsapshed1o@fotki.com,Female,202.224.253.40
62,Beau,Queripel,bqueripel1p@shareasale.com,Male,38.23.30.14
63,Rosalynd,McGrudder,rmcgrudder1q@biglobe.ne.jp,Female,78.78.85.29
64,Scotty,Rosin,srosin1r@php.net,Male,17.231.127.217
65,Noelle,Trotter,ntrotter1s@liveinternet.ru,Female,40.139.77.204
66,Margret,Giordano,mgiordano1t@artisteer.com,Female,71.158.221.105
67,Willi,Brisse,wbrisse1u@amazon.de,Female,231.107.235.11
68,Corbet,Spaven,cspaven1v@blogs.com,Male,54.51.249.57
69,Gay,Walkling,gwalkling1w@moonfruit.com,Male,90.116.153.231
70,Kermie,Roder,kroder1x@globo.com,Male,44.135.75.152
71,Kris,Fosse,kfosse1y@google.com,Female,95.8.133.15
72,Artie,Romanini,aromanini1z@smugmug.com,Male,29.56.236.183
73,Barbette,MacSwayde,bmacswayde20@purevolume.com,Female,110.243.13.114
74,Pietra,Connor,pconnor21@123-reg.co.uk,Female,181.31.173.119
75,Hanna,MacFadden,hmacfadden22@npr.org,Female,38.210.61.66
76,Basilius,Kippie,bkippie23@sogou.com,Male,135.169.198.23
77,Emili,Patzelt,epatzelt24@bbb.org,Female,49.210.19.190
78,Prescott,Kohen,pkohen25@rakuten.co.jp,Male,136.188.233.73
79,Conni,Laurenceau,claurenceau26@weibo.com,Female,23.91.55.128
80,Violetta,Brymham,vbrymham27@reference.com,Female,7.2.107.210
81,Cathrine,Fairy,cfairy28@mediafire.com,Female,187.52.147.149
82,Randy,Dakhno,rdakhno29@feedburner.com,Male,31.161.213.253
83,Teddy,Dewdney,tdewdney2a@cam.ac.uk,Female,70.43.114.179
84,Rakel,McKeller,rmckeller2b@accuweather.com,Female,188.143.54.226
85,Orran,Bouda,obouda2c@livejournal.com,Male,142.82.144.248
86,Tana,McGurk,tmcgurk2d@ed.gov,Female,108.184.155.91
87,Nowell,Caulwell,ncaulwell2e@amazonaws.com,Male,142.212.39.108
88,Stefanie,Basilotta,sbasilotta2f@nasa.gov,Female,58.38.75.204
89,Kelley,Fevers,kfevers2g@guardian.co.uk,Male,154.147.152.210
90,Ulrikaumeko,Kampshell,ukampshell2h@google.com.br,Female,20.99.224.192
91,Rowena,Fillery,rfillery2i@wp.com,Female,172.207.201.44
92,Ofelia,Conibere,oconibere2j@nhs.uk,Female,129.254.127.135
93,Lorelle,Collisson,lcollisson2k@netvibes.com,Female,189.156.251.7
94,Lorelle,de Zamora,ldezamora2l@yelp.com,Female,98.72.221.233
95,Joane,Yarham,jyarham2m@biglobe.ne.jp,Female,249.204.201.68
96,Martino,Fayerman,mfayerman2n@storify.com,Male,68.220.141.0
97,Joshuah,Eassom,jeassom2o@topsy.com,Male,126.218.13.89
98,Peg,McGaw,pmcgaw2p@marketwatch.com,Female,207.177.118.178
99,Norry,Scanderet,nscanderet2q@nature.com,Male,142.183.60.54
100,Jacinda,Howsin,jhowsin2r@behance.net,Female,150.149.147.13
101,Arch,Mitchener,amitchener2s@latimes.com,Male,205.94.198.149
102,Darrelle,Perelli,dperelli2t@dedecms.com,Female,103.244.208.106
103,Elsworth,Lorincz,elorincz2u@virginia.edu,Male,54.226.224.34
104,Gleda,Mulroy,gmulroy2v@mit.edu,Female,144.46.128.37
105,Berna,Goodings,bgoodings2w@ucoz.ru,Female,236.4.107.209
106,Burnaby,Popescu,bpopescu2x@nsw.gov.au,Male,5.90.144.127
107,Price,Caws,pcaws2y@tuttocitta.it,Male,182.35.233.179
108,Frayda,Andreacci,fandreacci2z@seattletimes.com,Female,120.217.123.212
109,Tiertza,Warrington,twarrington30@sohu.com,Female,182.184.203.47
110,Welby,Niemetz,wniemetz31@state.tx.us,Male,91.168.17.50
111,Romain,Kedge,rkedge32@google.com.hk,Male,109.168.26.89
112,Jedediah,Tothacot,jtothacot33@nature.com,Male,97.30.216.211
113,Ado,Bohl,abohl34@scribd.com,Male,144.104.73.175
114,Jard,Fosdick,jfosdick35@reference.com,Male,182.59.148.48
115,Hoebart,Plackstone,hplackstone36@sciencedirect.com,Male,117.1.102.126
116,Merle,Westhofer,mwesthofer37@nih.gov,Male,165.56.78.207
117,Derby,Frugier,dfrugier38@etsy.com,Male,242.147.49.75
118,Margit,Mace,mmace39@ucoz.com,Female,147.101.32.143
119,Auguste,Staton,astaton3a@chronoengine.com,Female,67.133.144.171
120,Carmel,Beckers,cbeckers3b@cisco.com,Female,9.192.106.205
121,Daron,Ygoe,dygoe3c@youku.com,Female,47.145.15.111
122,Annora,Prudham,aprudham3d@go.com,Female,198.152.191.182
123,Sophi,Eskriett,seskriett3e@nifty.com,Female,166.159.18.8
124,Alissa,Raynton,araynton3f@ucsd.edu,Female,75.171.105.151
125,Schuyler,Jekel,sjekel3g@redcross.org,Male,127.2.198.167
126,Devora,Bussen,dbussen3h@parallels.com,Female,126.246.34.176
127,Selle,de Bullion,sdebullion3i@multiply.com,Female,251.201.63.80
128,Editha,Tylor,etylor3j@mlb.com,Female,71.2.243.214
129,Trixi,Molfino,tmolfino3k@amazonaws.com,Female,215.108.195.100
130,Ellary,Doddemeade,edoddemeade3l@tiny.cc,Male,109.33.235.9
131,Cherey,Bourhill,cbourhill3m@thetimes.co.uk,Female,29.158.166.179
132,Jermayne,Stickford,jstickford3n@cornell.edu,Male,249.224.21.203
133,Prissie,Batecok,pbatecok3o@jigsy.com,Female,99.24.55.53
134,Adolf,Hassewell,ahassewell3p@upenn.edu,Male,169.7.87.236
135,Leif,Fintoph,lfintoph3q@weather.com,Male,239.7.254.204
136,Derril,Deverson,ddeverson3r@amazon.de,Male,223.172.93.148
137,April,Ovid,aovid3s@timesonline.co.uk,Female,185.202.41.45
138,Jeffy,Tow,jtow3t@eventbrite.com,Male,237.60.58.175
139,Skippy,Marland,smarland3u@reverbnation.com,Male,89.153.222.118
140,Eadith,Hammatt,ehammatt3v@google.it,Female,200.245.15.33
141,Dehlia,Sarre,dsarre3w@ning.com,Female,219.235.223.131
142,Zebadiah,O'Finan,zofinan3x@seattletimes.com,Male,155.92.78.126
143,Finlay,Rockliffe,frockliffe3y@whitehouse.gov,Male,145.7.33.65
144,Pearline,Chicchetto,pchicchetto3z@gmpg.org,Female,2.176.11.250
145,Charmane,Klaas,cklaas40@youku.com,Female,168.194.120.152
146,Chip,Mugglestone,cmugglestone41@japanpost.jp,Male,34.244.75.191
147,Sinclare,Cullimore,scullimore42@hibu.com,Male,13.26.99.223
148,Lyndy,Fautley,lfautley43@jimdo.com,Female,227.104.200.14
149,Fields,Hendrich,fhendrich44@baidu.com,Male,48.125.98.154
150,Isac,Goodings,igoodings45@craigslist.org,Male,94.8.139.138
151,Pasquale,Kingwell,pkingwell46@blinklist.com,Male,130.61.226.230
152,Margarita,Bruckenthal,mbruckenthal47@i2i.jp,Female,14.186.188.2
153,Ethelda,Firle,efirle48@smh.com.au,Female,242.190.110.4
154,Jacklin,Reside,jreside49@typepad.com,Female,163.234.55.121
155,Octavia,Awcock,oawcock4a@spiegel.de,Female,38.91.45.218
156,Teddie,Matushevitz,tmatushevitz4b@4shared.com,Male,224.118.188.158
157,Ellyn,Mainland,emainland4c@scribd.com,Female,172.37.65.157
158,Arluene,Whate,awhate4d@indiegogo.com,Female,92.116.164.179
159,Honey,Harkins,hharkins4e@homestead.com,Female,251.124.28.9
160,Tedi,Gorghetto,tgorghetto4f@yellowbook.com,Female,252.3.177.169
161,Lucho,Geldart,lgeldart4g@soundcloud.com,Male,109.44.188.64
162,Auguste,Houdhury,ahoudhury4h@miitbeian.gov.cn,Female,165.207.29.152
163,Dorena,Georgeau,dgeorgeau4i@si.edu,Female,112.131.131.124
164,Beverlie,Bardey,bbardey4j@printfriendly.com,Female,25.17.100.31
165,Jimmy,Cona,jcona4k@virginia.edu,Male,227.230.247.86
166,Emmott,Stokell,estokell4l@bluehost.com,Male,237.142.207.213
167,Javier,Moncreif,jmoncreif4m@cocolog-nifty.com,Male,95.87.33.74
168,Glynn,Langhor,glanghor4n@examiner.com,Male,76.236.115.46
169,Anissa,Midner,amidner4o@berkeley.edu,Female,216.41.211.2
170,Malena,Boughtwood,mboughtwood4p@t-online.de,Female,223.161.155.1
171,Aguste,Bendel,abendel4q@economist.com,Male,0.1.215.252
172,Saundra,Crawshaw,scrawshaw4r@tiny.cc,Male,226.31.16.32
173,Rafaelita,Throughton,rthroughton4s@plala.or.jp,Female,96.224.66.168
174,Martguerita,Dell,mdell4t@elpais.com,Female,154.175.241.88
175,Annabal,Camsey,acamsey4u@pbs.org,Female,211.254.11.76
176,Kayne,Druce,kdruce4v@zimbio.com,Male,62.225.249.95
177,Jareb,Oldfield,joldfield4w@alexa.com,Male,203.11.124.16
178,Lance,Mossbee,lmossbee4x@mysql.com,Male,42.210.54.221
179,Olga,Akram,oakram4y@exblog.jp,Female,207.102.87.213
180,Nettie,Cartmail,ncartmail4z@comsenz.com,Female,30.84.82.246
181,Mireille,Antalffy,mantalffy50@google.com.br,Female,93.113.212.51
182,Harland,Birdwistle,hbirdwistle51@wired.com,Male,6.142.123.187
183,Joelle,Dinnington,jdinnington52@surveymonkey.com,Female,194.146.45.133
184,Nial,Hawe,nhawe53@cyberchimps.com,Male,181.57.149.198
185,Hobey,Turk,hturk54@friendfeed.com,Male,145.95.208.175
186,Mayor,Kingshott,mkingshott55@sakura.ne.jp,Male,183.229.242.147
187,Manfred,Redhills,mredhills56@blogs.com,Male,191.209.187.221
188,Nicolai,Gemlbett,ngemlbett57@fda.gov,Male,117.14.85.6
189,Melba,Josefson,mjosefson58@histats.com,Female,53.89.191.108
190,Frasco,Kynston,fkynston59@bandcamp.com,Male,32.101.7.246
191,Jane,Lanphier,jlanphier5a@vinaora.com,Female,43.14.171.130
192,Prince,Raisher,praisher5b@delicious.com,Male,139.51.250.148
193,Alexandro,Vakhrushin,avakhrushin5c@hugedomains.com,Male,157.243.202.179
194,Cindra,Dulany,cdulany5d@booking.com,Female,3.217.74.245
195,Mortie,Thurman,mthurman5e@nydailynews.com,Male,130.36.69.240
196,Jourdan,Borkett,jborkett5f@wsj.com,Female,71.121.183.249
197,Nanny,Peagram,npeagram5g@is.gd,Female,90.163.66.112
198,Caesar,Allsworth,callsworth5h@weibo.com,Male,210.108.242.251
199,Ethan,O'Noulane,eonoulane5i@bloglovin.com,Male,224.12.40.17
200,Lea,Pickthorne,lpickthorne5j@tamu.edu,Female,17.242.61.14
201,Morlee,Ropars,mropars5k@xing.com,Male,90.42.226.24
202,Vite,Kearn,vkearn5l@timesonline.co.uk,Male,197.73.89.106
203,Creight,Collocott,ccollocott5m@diigo.com,Male,160.72.103.32
204,Pat,Crean,pcrean5n@loc.gov,Male,175.50.65.182
205,Colin,Heister,cheister5o@msu.edu,Male,122.182.195.62
206,Almeda,Squirrell,asquirrell5p@mapy.cz,Female,56.29.235.38
207,Patten,Ruslinge,pruslinge5q@infoseek.co.jp,Male,142.59.84.76
208,Erl,Gorch,egorch5r@salon.com,Male,58.31.55.78
209,Sherwin,Erickssen,serickssen5s@loc.gov,Male,221.243.254.177
210,Ludvig,Toward,ltoward5t@creativecommons.org,Male,172.11.28.126
211,Currie,Drinkall,cdrinkall5u@accuweather.com,Male,6.145.126.159
212,Aguistin,Wadworth,awadworth5v@ameblo.jp,Male,5.161.236.254
213,Lena,Shillitto,lshillitto5w@phoca.cz,Female,80.228.122.19
214,Elsinore,Papps,epapps5x@ucsd.edu,Female,92.147.48.14
215,Geri,Dight,gdight5y@nydailynews.com,Male,125.49.54.28
216,Colby,Frend,cfrend5z@cdbaby.com,Male,145.117.89.173
217,Garland,Showers,gshowers60@lulu.com,Female,30.236.205.43
218,Tobiah,Moncreif,tmoncreif61@nationalgeographic.com,Male,195.33.201.102
219,Sigfrid,Tupie,stupie62@wired.com,Male,104.207.153.208
220,Lilllie,Carrodus,lcarrodus63@opensource.org,Female,250.18.9.91
221,Mellicent,Bourgaize,mbourgaize64@cbsnews.com,Female,220.115.46.75
222,Marthe,MacPhail,mmacphail65@mapy.cz,Female,210.3.39.149
223,Dix,Pensom,dpensom66@paypal.com,Female,241.149.66.222
224,Derwin,Parham,dparham67@prlog.org,Male,227.118.216.150
225,Brigit,Eborall,beborall68@kickstarter.com,Female,201.187.3.172
226,Daveta,Lince,dlince69@ihg.com,Female,62.86.3.27
227,Conway,Rhymer,crhymer6a@wikispaces.com,Male,115.20.141.75
228,Cecilla,Shyre,cshyre6b@loc.gov,Female,15.0.85.149
229,Harris,Cullinan,hcullinan6c@ed.gov,Male,219.60.22.74
230,Jordon,Pestricke,jpestricke6d@hc360.com,Male,173.134.160.69
231,Dorris,Petteford,dpetteford6e@phpbb.com,Female,120.66.20.145
232,Ferrel,Collihole,fcollihole6f@trellian.com,Male,105.219.20.107
233,Ernst,Swash,eswash6g@blog.com,Male,175.63.26.79
234,Doralyn,Raithmill,draithmill6h@samsung.com,Female,210.230.83.254
235,Peadar,Orr,porr6i@tiny.cc,Male,14.230.179.153
236,Abby,Matuszynski,amatuszynski6j@t.co,Male,86.181.174.32
237,Adiana,Salway,asalway6k@mozilla.com,Female,214.97.82.172
238,Agathe,Panton,apanton6l@topsy.com,Female,103.205.202.54
239,Bambi,Barttrum,bbarttrum6m@foxnews.com,Female,45.101.11.17
240,Basil,Willetts,bwilletts6n@redcross.org,Male,77.185.49.173
241,Rosmunda,Tofano,rtofano6o@reference.com,Female,37.232.72.70
242,Bell,Stainson,bstainson6p@fotki.com,Female,159.239.126.203
243,Lannie,Hayter,lhayter6q@discuz.net,Male,233.118.57.150
244,Kelcey,Dron,kdron6r@pinterest.com,Female,84.95.82.101
245,Kaitlin,Mallabar,kmallabar6s@t-online.de,Female,96.94.248.47
246,Keelby,Giordano,kgiordano6t@tuttocitta.it,Male,232.20.167.137
247,Elva,Barkley,ebarkley6u@nba.com,Female,233.110.44.41
248,May,Robbel,mrobbel6v@gmpg.org,Female,62.181.165.242
249,Catriona,Woodland,cwoodland6w@un.org,Female,17.63.18.199
250,Nannette,Riggulsford,nriggulsford6x@ning.com,Female,92.209.20.247
251,Nicolai,Abrahamoff,nabrahamoff6y@zdnet.com,Male,144.251.129.68
252,Claudell,Cammack,ccammack6z@cnn.com,Male,99.183.92.27
253,Simona,Dell 'Orto,sdellorto70@netlog.com,Female,82.163.231.84
254,Gray,Karby,gkarby71@comsenz.com,Male,20.175.135.154
255,Adaline,Faull,afaull72@typepad.com,Female,54.52.156.62
256,Emili,Piggins,epiggins73@prnewswire.com,Female,38.118.44.162
257,Denney,Jablonski,djablonski74@elpais.com,Male,130.98.128.70
258,Carrissa,Hughson,chughson75@home.pl,Female,157.188.181.250
259,Cher,Marushak,cmarushak76@imageshack.us,Female,51.205.241.97
260,Morton,Sirett,msirett77@biblegateway.com,Male,251.210.43.158
261,Erna,Pottinger,epottinger78@harvard.edu,Female,127.145.118.212
262,Dale,Ealden,dealden79@illinois.edu,Male,237.157.92.175
263,Abbe,Dumbelton,adumbelton7a@chron.com,Male,229.38.107.120
264,Sally,Adolfson,sadolfson7b@nifty.com,Female,181.50.81.184
265,Kahlil,Pollok,kpollok7c@jiathis.com,Male,232.29.191.36
266,Adriane,Tearle,atearle7d@ihg.com,Female,212.206.69.255
267,Sigvard,Gerhardt,sgerhardt7e@etsy.com,Male,228.34.142.64
268,Mahala,Tidman,mtidman7f@timesonline.co.uk,Female,222.217.221.135
269,Lanae,Phippard,lphippard7g@netvibes.com,Female,137.249.249.218
270,Nilson,Cominoli,ncominoli7h@yelp.com,Male,160.139.209.24
271,Levon,Honnan,lhonnan7i@github.com,Male,192.164.5.52
272,Anthe,Kinzel,akinzel7j@freewebs.com,Female,62.84.55.60
273,Gale,Nudds,gnudds7k@stumbleupon.com,Female,42.32.85.94
274,Abdul,MacDavitt,amacdavitt7l@moonfruit.com,Male,137.232.236.4
275,Abdul,Moring,amoring7m@dailymotion.com,Male,60.242.140.208
276,Tuckie,Barrett,tbarrett7n@furl.net,Male,7.78.32.125
277,Tamera,Gilstin,tgilstin7o@163.com,Female,7.181.38.78
278,Fanchette,Christophers,fchristophers7p@wikimedia.org,Female,17.85.52.147
279,Isidro,Ernshaw,iernshaw7q@wsj.com,Male,13.13.4.120
280,Karlens,MacAleese,kmacaleese7r@utexas.edu,Male,247.239.152.226
281,Celinka,Meldrum,cmeldrum7s@army.mil,Female,164.160.47.225
282,Crista,Wastall,cwastall7t@wisc.edu,Female,83.138.217.10
283,Sukey,Brazer,sbrazer7u@nature.com,Female,60.160.195.161
284,Merilyn,Hews,mhews7v@lulu.com,Female,78.196.242.232
285,Charlton,Staner,cstaner7w@ihg.com,Male,131.63.171.234
286,Eugenio,Ridoutt,eridoutt7x@bizjournals.com,Male,164.93.253.228
287,Dosi,Mac Geaney,dmacgeaney7y@wordpress.com,Female,137.198.244.134
288,Cyril,Clancey,cclancey7z@xrea.com,Male,232.68.32.60
289,Clerkclaude,Bilam,cbilam80@washington.edu,Male,159.102.36.194
290,Saxon,Blackster,sblackster81@dyndns.org,Male,125.185.67.243
291,Philippine,Vine,pvine82@nbcnews.com,Female,99.106.27.232
292,Lorene,Bloan,lbloan83@xing.com,Female,2.2.122.121
293,Aile,Benoit,abenoit84@github.com,Female,21.215.28.229
294,Olivero,Spataro,ospataro85@icq.com,Male,74.210.95.91
295,Dominick,Constantinou,dconstantinou86@behance.net,Male,177.51.210.78
296,Nolana,Sherrott,nsherrott87@jimdo.com,Female,51.20.26.96
297,Lola,Witherden,lwitherden88@google.nl,Female,32.152.209.229
298,Gordy,Moyle,gmoyle89@seattletimes.com,Male,237.10.164.111
299,Millicent,Jessett,mjessett8a@ibm.com,Female,234.167.224.67
300,Page,Eaton,peaton8b@biblegateway.com,Male,225.131.152.63
301,Hannah,Fairall,hfairall8c@g.co,Female,137.60.229.25
302,Francisco,Brobeck,fbrobeck8d@hatena.ne.jp,Male,87.2.55.207
303,Adams,Hollyer,ahollyer8e@amazonaws.com,Male,15.164.84.157
304,Derry,Lias,dlias8f@biglobe.ne.jp,Male,161.36.158.207
305,Nita,Chifney,nchifney8g@alibaba.com,Female,129.212.104.195
306,Orson,Bartunek,obartunek8h@blogspot.com,Male,91.107.240.14
307,Kiley,Folonin,kfolonin8i@goodreads.com,Male,209.164.115.201
308,Carlotta,Blyden,cblyden8j@europa.eu,Female,62.179.22.157
309,Elizabeth,Bishopp,ebishopp8k@youtu.be,Female,121.123.190.239
310,Casey,Keerl,ckeerl8l@cmu.edu,Female,127.223.105.129
311,Kaylyn,O'Flannery,koflannery8m@t.co,Female,254.185.169.219
312,Ruggiero,MacKim,rmackim8n@wikimedia.org,Male,29.28.134.202
313,Averell,McIndrew,amcindrew8o@auda.org.au,Male,171.170.18.128
314,Rubina,Ducastel,rducastel8p@zimbio.com,Female,187.57.39.244
315,Marlee,Sinnatt,msinnatt8q@ca.gov,Female,116.141.248.49
316,Verina,Ferenczi,vferenczi8r@joomla.org,Female,101.178.155.231
317,Eldin,Johann,ejohann8s@geocities.jp,Male,66.121.230.17
318,Baudoin,Reen,breen8t@smh.com.au,Male,68.243.241.181
319,Darrin,Abbiss,dabbiss8u@shutterfly.com,Male,224.255.55.140
320,Lin,Chalmers,lchalmers8v@hhs.gov,Female,59.162.133.201
321,Fabio,Fellnee,ffellnee8w@spiegel.de,Male,98.176.61.180
322,Baily,Stare,bstare8x@printfriendly.com,Male,78.253.26.241
323,Prudence,Cains,pcains8y@twitter.com,Female,166.3.23.52
324,Jojo,Twaits,jtwaits8z@behance.net,Female,1.91.24.153
325,Trisha,Passfield,tpassfield90@i2i.jp,Female,247.142.102.176
326,Craggie,Grubb,cgrubb91@hugedomains.com,Male,10.166.174.240
327,Lynelle,Balmann,lbalmann92@cbslocal.com,Female,178.199.42.111
328,Harli,Gotthard,hgotthard93@goo.gl,Female,14.168.251.13
329,Veriee,Quadri,vquadri94@wiley.com,Female,211.41.220.93
330,Peder,Ewens,pewens95@networkadvertising.org,Male,23.226.216.186
331,Dani,Pinnick,dpinnick96@eepurl.com,Female,228.186.159.240
332,Zebulen,Ive,zive97@prnewswire.com,Male,121.71.39.72
333,Tressa,Herley,therley98@pbs.org,Female,3.84.171.143
334,Alexis,Oswell,aoswell99@baidu.com,Male,94.189.176.164
335,Dasha,Drieu,ddrieu9a@vkontakte.ru,Female,229.241.15.225
336,Therine,Borris,tborris9b@mayoclinic.com,Female,228.149.203.128
337,Aldus,Clutterham,aclutterham9c@springer.com,Male,154.149.72.226
338,Kora,Masurel,kmasurel9d@phoca.cz,Female,25.243.114.139
339,Kelsey,Harmes,kharmes9e@odnoklassniki.ru,Male,254.52.61.90
340,Bondy,Vasyaev,bvasyaev9f@timesonline.co.uk,Male,119.182.196.156
341,Valentin,Tamsett,vtamsett9g@yale.edu,Male,191.109.66.70
342,Justinian,Dondon,jdondon9h@sciencedaily.com,Male,66.48.12.6
343,Vincenz,O'Noland,vonoland9i@topsy.com,Male,226.197.143.107
344,Lorry,Drissell,ldrissell9j@ameblo.jp,Male,18.74.221.15
345,Noel,Goschalk,ngoschalk9k@wikispaces.com,Female,246.136.137.173
346,Nefen,Beed,nbeed9l@pbs.org,Male,8.28.249.32
347,Merilee,Delafoy,mdelafoy9m@virginia.edu,Female,177.73.102.133
348,Blaine,Boggon,bboggon9n@yellowpages.com,Male,215.132.154.13
349,Hugues,Eldershaw,heldershaw9o@symantec.com,Male,180.228.75.155
350,Ximenes,Roote,xroote9p@google.it,Male,60.112.219.163
351,Beverly,Plowell,bplowell9q@reference.com,Female,188.171.27.162
352,Iseabal,McAlinden,imcalinden9r@last.fm,Female,226.50.237.117
353,Katheryn,Wallett,kwallett9s@businesswire.com,Female,237.237.50.126
354,Veronike,Kings,vkings9t@squidoo.com,Female,163.222.99.217
355,Bentlee,Divis,bdivis9u@storify.com,Male,233.164.161.143
356,Eudora,Breslauer,ebreslauer9v@ovh.net,Female,212.202.245.116
357,Alphonso,Pobjoy,apobjoy9w@intel.com,Male,43.33.53.118
358,Cassandra,Bodell,cbodell9x@linkedin.com,Female,102.84.221.33
359,Ricard,Lemonby,rlemonby9y@ucla.edu,Male,157.60.77.188
360,Mariska,Minty,mminty9z@elegantthemes.com,Female,234.62.40.79
361,Trstram,Leneham,tlenehama0@samsung.com,Male,254.57.108.107
362,Derrek,Riehm,driehma1@nifty.com,Male,66.200.137.40
363,Sutherlan,Drinkwater,sdrinkwatera2@macromedia.com,Male,226.37.23.174
364,Rana,Bever,rbevera3@businesswire.com,Female,57.0.121.131
365,Donia,Daffern,ddafferna4@washingtonpost.com,Female,128.152.225.74
366,Byrann,Wortley,bwortleya5@meetup.com,Male,22.181.46.17
367,Warner,Trace,wtracea6@booking.com,Male,198.2.66.104
368,Blakeley,Charity,bcharitya7@phoca.cz,Female,219.127.206.6
369,Yvette,Wadley,ywadleya8@go.com,Female,60.137.78.27
370,Thane,Haysom,thaysoma9@youku.com,Male,144.166.73.208
371,Kathye,Coysh,kcoyshaa@google.nl,Female,143.16.193.197
372,Jared,Doerrling,jdoerrlingab@lulu.com,Male,179.142.162.112
373,Eadmund,Brothwell,ebrothwellac@miibeian.gov.cn,Male,123.149.89.105
374,Thedrick,Osgodby,tosgodbyad@lulu.com,Male,86.149.173.112
375,Mureil,Allenby,mallenbyae@livejournal.com,Female,151.212.41.96
376,Roselin,Blincowe,rblincoweaf@youku.com,Female,65.1.250.125
377,Nick,Pierse,npierseag@guardian.co.uk,Male,173.213.60.77
378,Ellswerth,Siveyer,esiveyerah@blogs.com,Male,120.61.248.49
379,Zaccaria,Goodlet,zgoodletai@latimes.com,Male,195.13.155.87
380,Alan,Graundisson,agraundissonaj@com.com,Male,70.93.150.32
381,My,Bjorkan,mbjorkanak@wisc.edu,Male,223.141.244.220
382,Waylen,Blaycock,wblaycockal@bbc.co.uk,Male,71.106.241.4
383,Archibald,Royste,aroysteam@google.com,Male,133.55.11.176
384,Aarika,McQuirter,amcquirteran@usgs.gov,Female,243.22.212.165
385,Felicity,Blackwood,fblackwoodao@sohu.com,Female,64.124.80.7
386,Scottie,Stobie,sstobieap@netscape.com,Male,13.4.37.162
387,Marietta,Heinicke,mheinickeaq@ucsd.edu,Male,241.41.180.176
388,Jerrie,Colthard,jcolthardar@istockphoto.com,Female,12.53.141.34
389,Nathaniel,Brockett,nbrockettas@rediff.com,Male,99.244.60.253
390,Vladamir,Vanin,vvaninat@cocolog-nifty.com,Male,35.140.199.43
391,Lucio,Sicha,lsichaau@sina.com.cn,Male,61.161.21.218
392,Diann,Garstan,dgarstanav@nbcnews.com,Female,126.215.158.78
393,Lesya,Moncreiffe,lmoncreiffeaw@sakura.ne.jp,Female,79.80.17.34
394,Lenka,Clixby,lclixbyax@discovery.com,Female,171.251.117.9
395,Haley,Yggo,hyggoay@hostgator.com,Male,1.226.176.47
396,Roth,Douty,rdoutyaz@cdbaby.com,Male,241.107.95.238
397,Rica,Dimbylow,rdimbylowb0@addtoany.com,Female,3.141.53.247
398,Humbert,Stapforth,hstapforthb1@seattletimes.com,Male,123.126.231.190
399,Tawnya,Creasey,tcreaseyb2@chron.com,Female,89.28.71.193
400,Fancie,Foro,fforob3@bluehost.com,Female,122.244.57.147
401,Turner,Barrat,tbarratb4@geocities.jp,Male,205.211.161.135
402,Dorise,Magrane,dmagraneb5@deliciousdays.com,Female,154.141.242.24
403,Cristina,Krelle,ckrelleb6@pbs.org,Female,14.110.77.20
404,Seumas,McCabe,smccabeb7@lulu.com,Male,229.95.129.55
405,Babette,Lawler,blawlerb8@google.ru,Female,71.17.57.192
406,Robbie,Brydon,rbrydonb9@technorati.com,Male,130.139.45.200
407,Devondra,O' Gara,dogaraba@uol.com.br,Female,89.124.198.54
408,Elizabet,Yemm,eyemmbb@statcounter.com,Female,169.2.76.11
409,Datha,Fulstow,dfulstowbc@statcounter.com,Female,130.17.142.6
410,Rustin,Bernette,rbernettebd@globo.com,Male,118.31.53.141
411,Pennie,Brownsworth,pbrownsworthbe@uol.com.br,Male,42.55.19.246
412,Borg,Waine,bwainebf@xing.com,Male,194.113.23.158
413,Marcus,Sisland,msislandbg@howstuffworks.com,Male,200.222.193.85
414,Viviene,Castle,vcastlebh@icio.us,Female,190.131.102.123
415,Gabie,Macci,gmaccibi@scribd.com,Female,249.67.171.208
416,Hedy,Kuschke,hkuschkebj@nature.com,Female,44.190.175.54
417,Kincaid,Di Filippo,kdifilippobk@msu.edu,Male,179.124.142.98
418,Brig,Yatman,byatmanbl@independent.co.uk,Male,56.168.104.55
419,Rosmunda,McPhillips,rmcphillipsbm@narod.ru,Female,169.242.26.249
420,Moore,Morsom,mmorsombn@spiegel.de,Male,40.38.174.26
421,Ursuline,Laydel,ulaydelbo@hc360.com,Female,1.93.177.76
422,Ettore,Korejs,ekorejsbp@bloglovin.com,Male,209.107.34.99
423,Nickolai,Heining,nheiningbq@senate.gov,Male,198.25.214.173
424,Kaila,Beckitt,kbeckittbr@google.com.hk,Female,225.235.103.47
425,Celina,Sheldon,csheldonbs@ovh.net,Female,107.173.12.87
426,Nick,Leijs,nleijsbt@goo.gl,Male,158.144.199.77
427,Bunnie,Beazer,bbeazerbu@cbsnews.com,Female,221.41.150.71
428,Grantham,Chantler,gchantlerbv@washington.edu,Male,52.144.100.194
429,Judi,Ladloe,jladloebw@prweb.com,Female,124.137.43.238
430,Matt,Lighterness,mlighternessbx@sakura.ne.jp,Male,209.98.146.70
431,Mario,Poynor,mpoynorby@zimbio.com,Male,148.0.181.134
432,Ximenez,Giorio,xgioriobz@mapy.cz,Male,104.183.89.210
433,Bevin,Norewood,bnorewoodc0@ftc.gov,Male,4.14.16.22
434,Cort,Clemmen,cclemmenc1@goo.ne.jp,Male,184.141.72.175
435,Heinrik,Dugood,hdugoodc2@tumblr.com,Male,182.196.62.78
436,Doria,Klimus,dklimusc3@twitter.com,Female,4.251.71.173
437,Ellis,Caberas,ecaberasc4@gov.uk,Male,173.8.180.38
438,Cathlene,Seamons,cseamonsc5@cbsnews.com,Female,197.228.173.86
439,Chrissy,Embra,cembrac6@i2i.jp,Female,99.67.87.10
440,Elle,Jeste,ejestec7@yelp.com,Female,14.115.188.25
441,Lu,Brereton,lbreretonc8@sciencedirect.com,Female,101.52.171.250
442,Shawna,Vint,svintc9@jimdo.com,Female,54.139.47.236
443,Alice,Baynam,abaynamca@g.co,Female,137.92.155.28
444,Mahalia,Macoun,mmacouncb@soup.io,Female,72.42.80.166
445,Fianna,Stillgoe,fstillgoecc@netlog.com,Female,106.201.144.38
446,Gun,Haste,ghastecd@apache.org,Male,0.240.251.194
447,Sylvan,Hartfleet,shartfleetce@cloudflare.com,Male,246.171.83.89
448,Eileen,Jiggle,ejigglecf@thetimes.co.uk,Female,48.28.56.20
449,Simon,Chatenier,schateniercg@instagram.com,Male,56.26.173.61
450,Sherwynd,Marsay,smarsaych@fc2.com,Male,242.45.48.11
451,Garvey,Benneton,gbennetonci@wufoo.com,Male,250.218.202.211
452,Candida,McCrae,cmccraecj@ovh.net,Female,167.233.199.35
453,Weber,Cator,wcatorck@privacy.gov.au,Male,225.231.90.133
454,Bobbye,Borrow,bborrowcl@narod.ru,Female,24.255.197.127
455,Janie,Sisson,jsissoncm@sakura.ne.jp,Female,203.192.127.66
456,Vivienne,McGuckin,vmcguckincn@hugedomains.com,Female,244.111.183.244
457,Crysta,Romanski,cromanskico@over-blog.com,Female,187.134.92.120
458,Cross,Yarnold,cyarnoldcp@hatena.ne.jp,Male,143.82.247.31
459,Flory,Denyakin,fdenyakincq@vkontakte.ru,Male,216.167.34.133
460,Rafaellle,Tolumello,rtolumellocr@oakley.com,Male,51.78.160.135
461,Gerardo,Ebsworth,gebsworthcs@phoca.cz,Male,244.84.205.243
462,Romona,Tune,rtunect@wikipedia.org,Female,202.174.155.121
463,Carce,Jacquemet,cjacquemetcu@sourceforge.net,Male,76.75.131.155
464,Constantine,Belfrage,cbelfragecv@globo.com,Male,111.177.169.229
465,Rutger,Prover,rprovercw@bloomberg.com,Male,106.3.76.56
466,Gui,Wessel,gwesselcx@w3.org,Female,112.192.40.127
467,Giles,Bontein,gbonteincy@biblegateway.com,Male,6.58.72.46
468,Tucky,Connechie,tconnechiecz@freewebs.com,Male,9.131.172.63
469,Charmian,Dominici,cdominicid0@usatoday.com,Female,71.0.221.97
470,Alena,Bruyns,abruynsd1@biblegateway.com,Female,53.199.86.201
471,Salaidh,Fryman,sfrymand2@eventbrite.com,Female,3.17.242.44
472,Hewe,Huckin,hhuckind3@independent.co.uk,Male,245.202.162.33
473,Charlena,Langeley,clangeleyd4@privacy.gov.au,Female,14.14.93.172
474,Emanuele,Glendenning,eglendenningd5@aol.com,Male,210.51.125.173
475,Obed,Pattie,opattied6@amazon.com,Male,221.133.119.111
476,Arlyn,Oylett,aoylettd7@xing.com,Female,131.96.165.238
477,Maurie,Trumble,mtrumbled8@wikispaces.com,Male,44.107.113.28
478,Lynette,Huc,lhucd9@japanpost.jp,Female,217.205.141.170
479,Jilly,Swires,jswiresda@cmu.edu,Female,26.40.17.93
480,Gabriello,Raffin,graffindb@webnode.com,Male,84.108.253.200
481,Piotr,Smardon,psmardondc@theglobeandmail.com,Male,112.61.236.223
482,Spense,Coope,scoopedd@google.cn,Male,170.81.121.87
483,Meade,Buckland,mbucklandde@biblegateway.com,Female,234.171.126.72
484,Katalin,Skakunas,kskakunasdf@behance.net,Female,101.20.63.52
485,Cindi,Grane,cgranedg@bloomberg.com,Female,78.228.74.4
486,Magdalena,Conor,mconordh@blog.com,Female,144.192.180.92
487,Jefferey,Allibon,jallibondi@google.com.br,Male,192.47.234.220
488,Tawnya,Geldert,tgeldertdj@nhs.uk,Female,28.199.75.150
489,Gertruda,Hadeke,ghadekedk@discuz.net,Female,63.107.2.200
490,Bjorn,Tupp,btuppdl@disqus.com,Male,227.177.211.132
491,Rodge,Knappen,rknappendm@gravatar.com,Male,219.183.137.245
492,Cyndia,Cordelle,ccordelledn@nature.com,Female,181.170.218.79
493,Ibbie,Scrogges,iscroggesdo@google.com.br,Female,42.99.165.93
494,Angelia,Quinet,aquinetdp@unicef.org,Female,206.151.156.141
495,Ebba,Mauger,emaugerdq@pcworld.com,Female,239.54.130.237
496,Ricky,Edworthye,redworthyedr@cam.ac.uk,Male,67.255.154.18
497,Rodrigo,Garrick,rgarrickds@ucla.edu,Male,243.120.98.3
498,Ulrick,Linsay,ulinsaydt@cdc.gov,Male,30.86.156.129
499,Goraud,Braunstein,gbraunsteindu@google.ca,Male,215.224.152.6
500,Tammie,Roeby,troebydv@go.com,Male,54.165.110.182
501,Emma,Rex,erexdw@thetimes.co.uk,Female,119.121.240.82
502,Eda,Micallef,emicallefdx@boston.com,Female,107.48.152.7
503,Hollis,Trobe,htrobedy@ihg.com,Male,110.167.36.225
504,Dion,McAmish,dmcamishdz@csmonitor.com,Male,192.11.53.90
505,Rosetta,Ojeda,rojedae0@dot.gov,Female,223.88.156.142
506,Cordy,Pranger,cprangere1@timesonline.co.uk,Female,128.2.41.55
507,Lesya,Corbitt,lcorbitte2@simplemachines.org,Female,87.9.250.113
508,Halsy,Dugall,hdugalle3@aboutads.info,Male,181.186.154.1
509,Moises,Brane,mbranee4@ed.gov,Male,58.164.77.86
510,Fred,Barniss,fbarnisse5@paypal.com,Female,41.206.218.158
511,Perle,Carlucci,pcarluccie6@google.com.au,Female,208.14.98.169
512,Joana,Tomlin,jtomline7@networksolutions.com,Female,213.60.147.5
513,Hilton,Firsby,hfirsbye8@independent.co.uk,Male,196.119.28.61
514,Tabatha,Coke,tcokee9@cisco.com,Female,149.236.58.10
515,Gael,Repp,greppea@i2i.jp,Male,151.185.197.179
516,Beryl,Litster,blitstereb@sakura.ne.jp,Female,238.240.1.8
517,Marc,Greenacre,mgreenacreec@marketwatch.com,Male,158.107.35.65
518,Herbert,Kindall,hkindalled@hugedomains.com,Male,255.255.173.132
519,Phedra,Eatock,peatockee@stanford.edu,Female,82.193.63.102
520,Feliza,Bowdrey,fbowdreyef@guardian.co.uk,Female,52.44.41.77
521,Brandon,Corradi,bcorradieg@livejournal.com,Male,221.159.92.58
522,Janey,Klimushev,jklimusheveh@diigo.com,Female,9.53.6.229
523,Thorin,Tripean,ttripeanei@discuz.net,Male,97.113.110.251
524,Gill,Halton,ghaltonej@simplemachines.org,Male,56.175.229.252
525,Albrecht,Gibbett,agibbettek@fda.gov,Male,57.127.165.6
526,Stevana,MacAdam,smacadamel@cdbaby.com,Female,114.108.173.115
527,Roch,Tarbin,rtarbinem@networksolutions.com,Female,206.103.26.24
528,Davide,Bridie,dbridieen@t-online.de,Male,106.14.224.224
529,Richie,Capsey,rcapseyeo@gov.uk,Male,231.53.57.212
530,Marabel,Stack,mstackep@princeton.edu,Female,65.149.71.192
531,Ara,Gue,agueeq@cam.ac.uk,Male,195.48.32.100
532,Simone,Beels,sbeelser@opera.com,Female,72.30.189.217
533,Olia,Ellcock,oellcockes@columbia.edu,Female,40.28.205.163
534,Amby,Brickell,abrickellet@eventbrite.com,Male,190.64.189.7
535,Daryl,Lethieulier,dlethieuliereu@123-reg.co.uk,Female,119.220.12.167
536,Gregoor,MacVanamy,gmacvanamyev@latimes.com,Male,1.115.146.15
537,Eberhard,Winscom,ewinscomew@nydailynews.com,Male,14.120.214.242
538,Ashton,McEllen,amcellenex@cmu.edu,Male,54.104.77.192
539,Kelcey,Starte,kstarteey@apache.org,Female,57.140.65.155
540,Raviv,Brompton,rbromptonez@issuu.com,Male,112.179.244.119
541,Petra,Stones,pstonesf0@msu.edu,Female,81.128.225.103
542,Cornelle,McGuinness,cmcguinnessf1@usa.gov,Female,202.248.51.45
543,Addi,Becom,abecomf2@topsy.com,Female,101.26.14.170
544,Rudd,Flott,rflottf3@lulu.com,Male,191.220.94.158
545,Gabriella,Garden,ggardenf4@soup.io,Female,1.155.165.152
546,Marco,Arnecke,marneckef5@list-manage.com,Male,47.211.242.235
547,Oliver,Rintoul,orintoulf6@zimbio.com,Male,187.171.120.167
548,Fifi,Chesshyre,fchesshyref7@chron.com,Female,18.137.107.1
549,Eula,Weatherhead,eweatherheadf8@cmu.edu,Female,202.101.191.70
550,Garry,Rathbone,grathbonef9@latimes.com,Male,196.211.140.244
551,Vere,Stratiff,vstratifffa@apache.org,Female,192.35.210.5
552,Dre,Mewrcik,dmewrcikfb@blogs.com,Female,206.19.6.157
553,Winifield,Gaskamp,wgaskampfc@cdc.gov,Male,231.233.103.64
554,Thebault,O'Dunniom,todunniomfd@wiley.com,Male,137.61.142.203
555,Hendrika,Orta,hortafe@wordpress.org,Female,89.240.71.85
556,Leeland,Avard,lavardff@seesaa.net,Male,124.184.158.150
557,Zaria,Woolfoot,zwoolfootfg@bigcartel.com,Female,176.28.160.127
558,Curr,Conn,cconnfh@deviantart.com,Male,242.47.138.181
559,Joane,Feasby,jfeasbyfi@t-online.de,Female,102.64.189.136
560,Shaw,Petrello,spetrellofj@cisco.com,Male,8.175.160.144
561,Linnie,Scatchard,lscatchardfk@ed.gov,Female,255.246.104.139
562,Reg,Stonary,rstonaryfl@amazon.co.uk,Male,123.88.198.243
563,Clemmy,Penylton,cpenyltonfm@is.gd,Male,182.235.65.24
564,Lannie,McKea,lmckeafn@home.pl,Male,140.178.188.236
565,Romain,Tomblin,rtomblinfo@cnn.com,Male,129.38.133.121
566,Carissa,Mollatt,cmollattfp@blog.com,Female,217.100.16.86
567,Ariel,Gurling,agurlingfq@privacy.gov.au,Female,114.234.211.56
568,Georgie,Nicolson,gnicolsonfr@php.net,Male,228.242.35.198
569,Tudor,Ryson,trysonfs@php.net,Male,174.169.137.76
570,Yank,Duckwith,yduckwithft@rediff.com,Male,203.197.12.99
571,Maxim,Lambkin,mlambkinfu@cnet.com,Male,136.16.21.66
572,Fabien,Teal,ftealfv@businessinsider.com,Male,25.185.184.84
573,Dukie,Louch,dlouchfw@yelp.com,Male,236.2.111.65
574,Ingrid,Stitle,istitlefx@sciencedirect.com,Female,6.52.174.182
575,Shanon,Kilmaster,skilmasterfy@live.com,Female,8.105.154.217
576,Dolorita,Gellan,dgellanfz@ebay.com,Female,5.139.75.216
577,Ahmad,Shera,asherag0@shop-pro.jp,Male,243.228.243.182
578,Basile,Bulloch,bbullochg1@cloudflare.com,Male,180.35.146.74
579,Brendin,Gilchriest,bgilchriestg2@icq.com,Male,68.30.225.81
580,Stearne,Barends,sbarendsg3@sitemeter.com,Male,56.159.150.170
581,Errick,Ribchester,eribchesterg4@tinyurl.com,Male,105.83.48.231
582,Pincus,Faudrie,pfaudrieg5@sciencedirect.com,Male,54.48.172.193
583,Kristofor,Lawdham,klawdhamg6@ning.com,Male,79.254.33.25
584,Tiphani,Curnok,tcurnokg7@godaddy.com,Female,186.115.245.216
585,Tonya,Jakaway,tjakawayg8@washington.edu,Female,240.222.151.215
586,Etienne,Swanwick,eswanwickg9@huffingtonpost.com,Male,250.174.174.141
587,Ivan,Cocci,icocciga@marriott.com,Male,12.144.77.13
588,Jocelyn,Scoffins,jscoffinsgb@psu.edu,Female,223.189.185.109
589,Siusan,Vinck,svinckgc@wunderground.com,Female,222.254.60.214
590,Teodoor,Johanssen,tjohanssengd@aol.com,Male,156.227.197.120
591,Felicia,Trewman,ftrewmange@npr.org,Female,129.106.166.206
592,Noach,Bernardino,nbernardinogf@mtv.com,Male,179.88.117.9
593,Penny,Decker,pdeckergg@noaa.gov,Female,134.179.36.60
594,Rebekah,Gisburn,rgisburngh@boston.com,Female,42.147.241.79
595,Hartwell,Pettyfer,hpettyfergi@so-net.ne.jp,Male,102.70.138.199
596,Deina,Lempel,dlempelgj@rambler.ru,Female,27.205.218.158
597,Livia,Croucher,lcrouchergk@4shared.com,Female,77.112.193.204
598,Alana,Gounot,agounotgl@pinterest.com,Female,72.249.179.151
599,Dominica,Broy,dbroygm@independent.co.uk,Female,110.161.193.133
600,Creigh,Mulhill,cmulhillgn@yale.edu,Male,187.37.235.150
601,Tyrus,Riordan,triordango@bloglovin.com,Male,44.232.106.149
602,Liliane,Kitcat,lkitcatgp@dot.gov,Female,92.63.243.89
603,Ajay,Willas,awillasgq@histats.com,Female,91.233.249.150
604,Camilla,Leijs,cleijsgr@qq.com,Female,236.138.83.236
605,Terencio,Greenside,tgreensidegs@fc2.com,Male,161.216.223.211
606,Dell,Yallop,dyallopgt@youtu.be,Female,70.171.42.197
607,Viola,Whitebrook,vwhitebrookgu@theguardian.com,Female,13.183.160.241
608,Guglielmo,Rapport,grapportgv@va.gov,Male,48.44.98.54
609,Ola,Truin,otruingw@netscape.com,Female,132.54.160.112
610,Alric,D'Onisi,adonisigx@google.co.uk,Male,198.15.176.84
611,Berni,Pullan,bpullangy@hugedomains.com,Female,142.215.22.82
612,Bernardo,Knowlys,bknowlysgz@slideshare.net,Male,114.112.79.143
613,Ali,Brennon,abrennonh0@google.cn,Female,7.112.175.11
614,Teodora,Arnison,tarnisonh1@constantcontact.com,Female,247.182.242.105
615,Gal,Bennion,gbennionh2@sphinn.com,Male,188.194.153.164
616,Fay,Jaquemar,fjaquemarh3@admin.ch,Female,151.221.241.162
617,Nollie,Inker,ninkerh4@dailymotion.com,Male,101.112.103.111
618,Garik,Leetham,gleethamh5@bbc.co.uk,Male,156.79.16.134
619,Thomasina,Szantho,tszanthoh6@arstechnica.com,Female,214.166.189.55
620,Broddie,Sutherns,bsuthernsh7@zimbio.com,Male,126.148.29.47
621,Aldis,Elbourne,aelbourneh8@ucla.edu,Male,24.2.73.88
622,Wendall,Heathcott,wheathcotth9@house.gov,Male,190.57.152.199
623,Orsa,Matterface,omatterfaceha@time.com,Female,199.34.177.43
624,Leslie,Cossentine,lcossentinehb@yahoo.co.jp,Female,165.234.3.76
625,Brigid,Kienlein,bkienleinhc@1688.com,Female,234.111.131.41
626,Christoforo,Have,chavehd@columbia.edu,Male,1.227.205.254
627,Sauveur,Martynikhin,smartynikhinhe@vinaora.com,Male,234.82.118.26
628,Justus,Arcase,jarcasehf@cargocollective.com,Male,183.148.188.86
629,Willis,Jandac,wjandachg@odnoklassniki.ru,Male,202.242.215.78
630,Ebba,Pedroni,epedronihh@apple.com,Female,205.73.28.109
631,Brien,Harly,bharlyhi@economist.com,Male,46.241.72.44
632,Farr,Voff,fvoffhj@naver.com,Male,70.70.13.82
633,Willetta,Chiommienti,wchiommientihk@soundcloud.com,Female,96.120.13.22
634,Giovanni,Pye,gpyehl@thetimes.co.uk,Male,22.109.226.57
635,Farrah,Shipperbottom,fshipperbottomhm@dmoz.org,Female,73.181.78.98
636,Robena,Sonier,rsonierhn@sciencedaily.com,Female,131.121.61.0
637,Stesha,Ghidoni,sghidoniho@pagesperso-orange.fr,Female,121.81.193.176
638,Reagan,Pinkstone,rpinkstonehp@creativecommons.org,Male,194.115.141.147
639,Mandel,De Gregario,mdegregariohq@e-recht24.de,Male,203.125.25.1
640,Greg,Cammomile,gcammomilehr@pinterest.com,Male,222.137.128.138
641,Elroy,Cobley,ecobleyhs@histats.com,Male,189.59.193.205
642,Carina,O'Siaghail,cosiaghailht@free.fr,Female,72.126.75.197
643,Juditha,Shailer,jshailerhu@imdb.com,Female,241.197.203.252
644,Granville,Critchard,gcritchardhv@netlog.com,Male,222.130.77.105
645,Cooper,Ferrieri,cferrierihw@blog.com,Male,37.57.38.123
646,Beilul,Grindell,bgrindellhx@miitbeian.gov.cn,Female,72.102.130.23
647,Lilly,Caldow,lcaldowhy@wsj.com,Female,77.96.194.152
648,Judon,Railton,jrailtonhz@usnews.com,Male,16.97.161.222
649,Vivianne,Furmston,vfurmstoni0@mapquest.com,Female,30.229.241.82
650,Pegeen,Cottle,pcottlei1@netlog.com,Female,255.84.102.100
651,Kathlin,Mealham,kmealhami2@geocities.com,Female,130.49.39.161
652,Catherin,Piggott,cpiggotti3@google.de,Female,100.4.68.71
653,Netti,Clowley,nclowleyi4@issuu.com,Female,196.246.14.201
654,Freemon,Axe,faxei5@geocities.jp,Male,200.230.183.227
655,Gwendolen,Peyton,gpeytoni6@columbia.edu,Female,5.152.115.101
656,Ranique,Sapson,rsapsoni7@sciencedirect.com,Female,12.187.149.189
657,Raymond,Boddymead,rboddymeadi8@utexas.edu,Male,155.187.23.242
658,Iggie,Anchor,ianchori9@who.int,Male,66.238.13.118
659,Burtie,Nand,bnandia@google.ca,Male,228.148.211.100
660,Rebeca,Blumire,rblumireib@tamu.edu,Female,60.111.238.187
661,Eugine,Longstreet,elongstreetic@marriott.com,Female,115.144.83.146
662,Jed,Wybrow,jwybrowid@reddit.com,Male,20.51.98.233
663,Whitney,Sandison,wsandisonie@craigslist.org,Female,136.34.172.27
664,Chelsy,Upson,cupsonif@vinaora.com,Female,162.168.65.44
665,Daisie,Pencost,dpencostig@wiley.com,Female,238.241.141.151
666,Hewet,Peckitt,hpeckittih@elegantthemes.com,Male,226.119.8.81
667,Theodor,Canfer,tcanferii@ucoz.ru,Male,139.103.234.4
668,Merrile,Goodlett,mgoodlettij@utexas.edu,Female,71.19.234.35
669,Marietta,Ausher,mausherik@smugmug.com,Female,36.35.75.155
670,Andie,Messier,amessieril@aboutads.info,Female,173.15.108.4
671,Cherilynn,Philp,cphilpim@ox.ac.uk,Female,214.148.149.176
672,Saundra,Gillise,sgillisein@vkontakte.ru,Male,43.123.84.241
673,Carmen,Tolcharde,ctolchardeio@abc.net.au,Female,189.70.152.197
674,Lonni,Van Dalen,lvandalenip@umich.edu,Female,213.191.129.169
675,Roxana,Iban,ribaniq@engadget.com,Female,98.80.95.238
676,Ebeneser,Renish,erenishir@behance.net,Male,223.108.197.32
677,Maurizio,Sawnwy,msawnwyis@t-online.de,Male,208.189.212.41
678,Demetri,Shardlow,dshardlowit@yandex.ru,Male,81.44.205.44
679,Patton,Wallhead,pwallheadiu@reddit.com,Male,82.42.31.214
680,Emiline,Ryall,eryalliv@wikispaces.com,Female,155.148.63.202
681,Willi,Dacre,wdacreiw@csmonitor.com,Male,137.120.74.154
682,Archaimbaud,Gurge,agurgeix@drupal.org,Male,208.119.121.238
683,Belinda,Haynes,bhaynesiy@cpanel.net,Female,151.95.68.147
684,Bev,Kordas,bkordasiz@pen.io,Male,182.47.161.78
685,Estele,Rustich,erustichj0@businesswire.com,Female,195.58.252.41
686,Joscelin,Ridde,jriddej1@yelp.com,Female,157.75.163.186
687,Ashil,Borley,aborleyj2@twitter.com,Female,219.234.41.190
688,Erek,Melbert,emelbertj3@sun.com,Male,58.100.92.232
689,Hubert,Reeday,hreedayj4@unicef.org,Male,239.146.21.73
690,Lion,Glasspool,lglasspoolj5@ucoz.ru,Male,11.29.58.169
691,Valentine,Husbands,vhusbandsj6@over-blog.com,Male,56.27.143.128
692,Odelia,Robjohns,orobjohnsj7@wired.com,Female,76.141.87.207
693,Sianna,Ruxton,sruxtonj8@tripadvisor.com,Female,193.8.6.130
694,Alva,Pitkethly,apitkethlyj9@bloglines.com,Male,203.143.227.59
695,Micki,Demare,mdemareja@timesonline.co.uk,Female,183.59.127.47
696,Elroy,Pimerick,epimerickjb@reverbnation.com,Male,176.184.121.160
697,Traver,Trime,ttrimejc@npr.org,Male,109.239.210.0
698,Artus,Bradburn,abradburnjd@toplist.cz,Male,60.66.56.15
699,Ezri,Gerhts,egerhtsje@macromedia.com,Male,51.113.62.178
700,Dolley,Clendennen,dclendennenjf@google.ca,Female,60.248.88.1
701,Sean,Edgler,sedglerjg@java.com,Male,234.135.49.107
702,Ches,Elgey,celgeyjh@elpais.com,Male,112.239.62.202
703,Dorris,Wilmore,dwilmoreji@fema.gov,Female,15.24.175.152
704,Anson,Scrigmour,ascrigmourjj@gravatar.com,Male,216.28.184.149
705,Pamela,Grunson,pgrunsonjk@blogspot.com,Female,252.36.252.214
706,Elvina,Roberts,erobertsjl@storify.com,Female,16.177.54.41
707,Otho,Petegree,opetegreejm@arstechnica.com,Male,38.161.126.185
708,Harlene,Bonder,hbonderjn@bloglines.com,Female,81.224.42.47
709,Kylynn,Conradsen,kconradsenjo@whitehouse.gov,Female,68.87.165.72
710,Jacqui,Kissell,jkisselljp@epa.gov,Female,141.254.234.129
711,Udale,Archibald,uarchibaldjq@51.la,Male,0.33.144.217
712,Antons,Siggens,asiggensjr@latimes.com,Male,117.180.255.225
713,Benjamen,Keynd,bkeyndjs@nationalgeographic.com,Male,60.66.147.51
714,Otis,Andreev,oandreevjt@joomla.org,Male,50.134.26.5
715,Ginger,Flattman,gflattmanju@webmd.com,Female,128.158.130.232
716,Euphemia,Tripean,etripeanjv@globo.com,Female,160.97.37.4
717,Fonsie,Pock,fpockjw@bigcartel.com,Male,75.200.14.46
718,Jereme,Paty,jpatyjx@jugem.jp,Male,35.116.111.14
719,Granthem,Ingerfield,gingerfieldjy@wikia.com,Male,86.30.184.130
720,Richie,Haeslier,rhaeslierjz@webmd.com,Male,54.14.102.30
721,Woodie,Sloey,wsloeyk0@hhs.gov,Male,87.176.98.112
722,Barrett,Mulleary,bmullearyk1@google.cn,Male,231.44.233.61
723,Mendy,Ericsson,mericssonk2@unicef.org,Male,36.151.20.211
724,Anabel,Brunroth,abrunrothk3@mac.com,Female,176.233.230.182
725,Elden,Elcox,eelcoxk4@bluehost.com,Male,151.187.38.28
726,Cindy,Fesby,cfesbyk5@homestead.com,Female,172.208.69.188
727,Franciskus,Toe,ftoek6@fema.gov,Male,3.121.38.1
728,Brittney,Eshelby,beshelbyk7@cisco.com,Female,37.189.76.0
729,Tabitha,Folonin,tfolonink8@edublogs.org,Female,240.232.57.145
730,Yank,Wilcott,ywilcottk9@stumbleupon.com,Male,83.20.219.23
731,Dori,McIlhagga,dmcilhaggaka@prnewswire.com,Female,219.12.127.160
732,Nani,Madigan,nmadigankb@yellowpages.com,Female,226.47.70.150
733,Saleem,Bennit,sbennitkc@slideshare.net,Male,28.77.113.71
734,Gertrud,Quoit,gquoitkd@artisteer.com,Female,117.46.141.102
735,Laurice,Bockin,lbockinke@nih.gov,Female,191.176.64.109
736,Bertrando,Gosselin,bgosselinkf@angelfire.com,Male,7.172.73.254
737,Hadlee,Macoun,hmacounkg@who.int,Male,70.236.198.147
738,Jarrod,McCullouch,jmccullouchkh@virginia.edu,Male,159.144.192.253
739,Lorens,Colthard,lcolthardki@dion.ne.jp,Male,171.223.241.214
740,Bird,Philcott,bphilcottkj@ucsd.edu,Female,143.141.93.2
741,Marni,Escudier,mescudierkk@sun.com,Female,239.204.40.83
742,Ardeen,Boullen,aboullenkl@cornell.edu,Female,190.36.114.66
743,Warden,Strang,wstrangkm@simplemachines.org,Male,227.47.139.237
744,Ezequiel,Davis,edaviskn@mapy.cz,Male,140.6.91.65
745,Karilynn,Cronkshaw,kcronkshawko@webnode.com,Female,92.254.142.71
746,Catlin,Fidal,cfidalkp@bluehost.com,Female,110.74.32.213
747,Marsh,Mitie,mmitiekq@statcounter.com,Male,6.210.53.198
748,Maximilien,McBoyle,mmcboylekr@ustream.tv,Male,78.82.154.101
749,Clifford,Hanbidge,chanbidgeks@cdc.gov,Male,92.54.198.58
750,Paige,Waldera,pwalderakt@amazon.com,Female,150.243.8.5
751,Whitaker,Mellings,wmellingsku@chronoengine.com,Male,219.219.249.124
752,Gaile,Paolo,gpaolokv@diigo.com,Male,6.212.117.17
753,Zebedee,Gylle,zgyllekw@devhub.com,Male,99.24.206.187
754,Mirna,Pawlicki,mpawlickikx@amazon.com,Female,3.178.88.38
755,Judie,Gatling,jgatlingky@newsvine.com,Female,222.214.63.13
756,Amabelle,Skellen,askellenkz@goo.gl,Female,160.165.170.168
757,Emmey,Worner,ewornerl0@printfriendly.com,Female,47.240.201.160
758,Gualterio,Clewes,gclewesl1@hubpages.com,Male,178.217.205.48
759,Mathew,Machans,mmachansl2@constantcontact.com,Male,120.90.173.141
760,Alysia,Baurerich,abaurerichl3@blogs.com,Female,249.207.186.113
761,Felecia,Cowhig,fcowhigl4@weebly.com,Female,85.109.218.112
762,Bobbie,Joslow,bjoslowl5@bandcamp.com,Male,186.171.140.223
763,Elizabeth,Siddele,esiddelel6@twitter.com,Female,50.80.7.177
764,Ade,Yurkov,ayurkovl7@pagesperso-orange.fr,Male,98.13.215.143
765,Gilberta,Blackston,gblackstonl8@shop-pro.jp,Female,79.127.49.239
766,Meyer,MacTrusty,mmactrustyl9@wordpress.org,Male,191.105.162.226
767,Vale,Younge,vyoungela@joomla.org,Male,221.175.82.75
768,Chuck,Burrill,cburrilllb@google.ca,Male,191.165.233.51
769,Bearnard,O' Mullane,bomullanelc@typepad.com,Male,174.82.124.64
770,Adamo,Szapiro,aszapirold@topsy.com,Male,150.120.38.57
771,Javier,Newsome,jnewsomele@free.fr,Male,142.98.111.56
772,Kym,Rankcom,krankcomlf@edublogs.org,Female,82.9.97.7
773,Hersh,Besnard,hbesnardlg@aboutads.info,Male,127.57.66.67
774,Alphonso,Jimmes,ajimmeslh@ebay.co.uk,Male,250.117.146.208
775,Genna,Monson,gmonsonli@nhs.uk,Female,5.166.135.118
776,Estevan,Chasson,echassonlj@statcounter.com,Male,220.13.1.54
777,Coleen,Hatrey,chatreylk@fc2.com,Female,74.55.199.144
778,Adara,Blackley,ablackleyll@miibeian.gov.cn,Female,12.173.163.1
779,Townsend,Plume,tplumelm@berkeley.edu,Male,202.172.39.57
780,Kate,Mccaull,kmccaullln@reuters.com,Female,158.228.33.225
781,Nan,Roblett,nroblettlo@oracle.com,Female,113.159.181.93
782,Dorey,Stirland,dstirlandlp@people.com.cn,Female,83.236.219.57
783,Caryl,Shire,cshirelq@hubpages.com,Male,69.143.130.240
784,Glynda,Muress,gmuresslr@example.com,Female,57.79.198.200
785,Dilly,Lautie,dlautiels@sina.com.cn,Male,235.222.197.158
786,Letty,Larner,llarnerlt@businessinsider.com,Female,161.209.98.112
787,Ty,Sharply,tsharplylu@hatena.ne.jp,Male,237.17.202.46
788,Sharai,Kerry,skerrylv@uiuc.edu,Female,146.58.224.138
789,Lorry,Hriinchenko,lhriinchenkolw@answers.com,Male,131.60.165.34
790,Wandis,O' Liddy,woliddylx@devhub.com,Female,181.27.86.160
791,Elena,Onn,eonnly@cmu.edu,Female,36.40.23.34
792,Andonis,Honniebal,ahonnieballz@omniture.com,Male,214.60.171.201
793,Dode,Biss,dbissm0@imageshack.us,Female,243.232.114.7
794,Agretha,Lepope,alepopem1@de.vu,Female,42.130.145.203
795,Eb,Cohr,ecohrm2@bigcartel.com,Male,40.96.69.26
796,Domeniga,Guidini,dguidinim3@i2i.jp,Female,103.213.56.224
797,Constantine,Dickings,cdickingsm4@desdev.cn,Male,179.3.130.239
798,Corri,Capelle,ccapellem5@businesswire.com,Female,77.212.51.16
799,Paulo,Penk,ppenkm6@nationalgeographic.com,Male,223.80.174.152
800,Nels,Cosgrove,ncosgrovem7@noaa.gov,Male,88.180.199.132
801,Merla,Brinkman,mbrinkmanm8@bloglovin.com,Female,230.105.91.71
802,Anastasia,Ackerley,aackerleym9@xrea.com,Female,203.214.167.159
803,May,Walmsley,mwalmsleyma@vimeo.com,Female,66.207.224.199
804,Ham,Coger,hcogermb@sun.com,Male,239.83.3.214
805,Marcel,Gregorin,mgregorinmc@aboutads.info,Male,62.42.155.46
806,Luce,Venus,lvenusmd@netvibes.com,Male,120.15.70.215
807,Dillie,O'Cooney,docooneyme@disqus.com,Male,255.236.82.238
808,Mel,McNulty,mmcnultymf@mapy.cz,Male,14.103.162.180
809,Crosby,Dallow,cdallowmg@dion.ne.jp,Male,118.201.214.125
810,Dallon,Water,dwatermh@virginia.edu,Male,191.102.251.96
811,Madeline,Vanacci,mvanaccimi@va.gov,Female,48.24.217.171
812,Dita,Peoples,dpeoplesmj@moonfruit.com,Female,116.75.82.32
813,Ced,Jerred,cjerredmk@elpais.com,Male,78.196.194.50
814,Douglass,Fass,dfassml@booking.com,Male,40.88.110.220
815,Patrice,Hatfull,phatfullmm@tiny.cc,Male,36.13.67.35
816,Guendolen,Pagan,gpaganmn@gnu.org,Female,220.107.136.73
817,Ignace,Birt,ibirtmo@newsvine.com,Male,28.209.97.203
818,Lonny,Lindblom,llindblommp@instagram.com,Male,198.19.85.221
819,Gradey,Mcwhinney,gmcwhinneymq@go.com,Male,219.121.179.152
820,Barbey,Hinrichs,bhinrichsmr@rakuten.co.jp,Female,164.146.154.179
821,Thomas,McIlvaney,tmcilvaneyms@wix.com,Male,116.203.170.20
822,Kaleb,McAndie,kmcandiemt@altervista.org,Male,106.173.149.133
823,Benedick,Lindenbluth,blindenbluthmu@gnu.org,Male,82.58.31.251
824,Porty,Nawton,pnawtonmv@nsw.gov.au,Male,122.51.154.52
825,Emylee,Glazebrook,eglazebrookmw@house.gov,Female,254.210.24.40
826,Cristen,Bedome,cbedomemx@gravatar.com,Female,190.37.194.31
827,Sisely,Easlea,seasleamy@stumbleupon.com,Female,29.246.93.29
828,Leese,Ausello,lausellomz@multiply.com,Female,106.80.157.53
829,Aretha,Garriock,agarriockn0@sourceforge.net,Female,86.79.63.175
830,Adair,Ogelbe,aogelben1@lycos.com,Male,83.187.208.38
831,Finlay,Pergens,fpergensn2@auda.org.au,Male,177.127.44.101
832,Marielle,Battison,mbattisonn3@wikimedia.org,Female,197.227.120.144
833,Worthington,Ducker,wduckern4@hatena.ne.jp,Male,204.165.33.177
834,Pedro,Fearneley,pfearneleyn5@miibeian.gov.cn,Male,51.39.165.42
835,Jenn,Newborn,jnewbornn6@google.com.hk,Female,40.161.29.25
836,Hilda,Dane,hdanen7@shinystat.com,Female,161.244.114.113
837,Trev,Cobby,tcobbyn8@woothemes.com,Male,112.154.140.88
838,Jenni,Tarbet,jtarbetn9@clickbank.net,Female,6.13.226.16
839,Blaine,Judkins,bjudkinsna@state.gov,Male,200.63.242.144
840,Idell,L'argent,ilargentnb@wikipedia.org,Female,22.178.39.106
841,Barnie,Assandri,bassandrinc@ehow.com,Male,70.245.2.127
842,Deb,Kinnin,dkinninnd@washingtonpost.com,Female,134.30.217.66
843,Toni,Salsbury,tsalsburyne@alexa.com,Female,15.199.130.0
844,Enriqueta,Tollerton,etollertonnf@clickbank.net,Female,162.139.134.58
845,Jedediah,Twidle,jtwidleng@unblog.fr,Male,132.72.140.245
846,Ulla,Banasevich,ubanasevichnh@instagram.com,Female,239.188.35.125
847,Valaria,McLaverty,vmclavertyni@clickbank.net,Female,0.82.203.206
848,Hilton,Eppson,heppsonnj@slideshare.net,Male,214.178.119.117
849,Myriam,Whitear,mwhitearnk@usnews.com,Female,3.1.134.224
850,Benji,Wildbore,bwildborenl@elpais.com,Male,115.196.188.190
851,Amanda,McDougall,amcdougallnm@patch.com,Female,146.213.72.169
852,Ailyn,Maps,amapsnn@npr.org,Female,240.24.203.93
853,Roobbie,Leadbitter,rleadbitterno@de.vu,Female,13.131.198.96
854,Ham,Dingle,hdinglenp@google.ru,Male,57.156.170.237
855,Elihu,Norledge,enorledgenq@gnu.org,Male,15.155.201.52
856,Ninette,Kolodziejski,nkolodziejskinr@nydailynews.com,Female,243.80.40.121
857,Zarah,Vakhonin,zvakhoninns@usda.gov,Female,116.21.67.81
858,Bibbie,Shackleford,bshacklefordnt@aol.com,Female,68.195.54.77
859,Hamish,Tesmond,htesmondnu@hubpages.com,Male,186.193.249.250
860,Alfonso,Faulkes,afaulkesnv@bandcamp.com,Male,189.148.6.179
861,Teirtza,Shevels,tshevelsnw@jiathis.com,Female,248.112.232.85
862,Kassie,Mowne,kmownenx@wordpress.com,Female,14.118.97.168
863,Hillery,Twaits,htwaitsny@washington.edu,Male,122.163.54.6
864,Sascha,Brafferton,sbraffertonnz@theglobeandmail.com,Female,179.5.93.50
865,Jemmy,Greenlees,jgreenleeso0@fda.gov,Female,164.83.146.116
866,Powell,Sulter,psultero1@reuters.com,Male,114.19.227.77
867,Katina,McPhelim,kmcphelimo2@sohu.com,Female,2.63.201.197
868,Koenraad,Januszkiewicz,kjanuszkiewiczo3@weebly.com,Male,223.156.182.89
869,Kaitlynn,Dominik,kdominiko4@baidu.com,Female,4.249.149.161
870,Zeb,Bravington,zbravingtono5@nymag.com,Male,141.43.41.94
871,Nanice,Gilham,ngilhamo6@nymag.com,Female,248.63.213.214
872,Halie,Trusler,htruslero7@berkeley.edu,Female,81.2.218.88
873,Mariquilla,Tooke,mtookeo8@wikispaces.com,Female,8.151.127.14
874,Jeannine,Romei,jromeio9@imageshack.us,Female,143.187.136.232
875,Lia,McArd,lmcardoa@dailymotion.com,Female,97.25.54.252
876,Remington,Pfeiffer,rpfeifferob@ebay.com,Male,126.174.17.189
877,Percy,Pursglove,ppursgloveoc@google.nl,Male,177.233.174.69
878,Adiana,Jelleman,ajellemanod@upenn.edu,Female,177.32.7.229
879,Woodrow,Baccas,wbaccasoe@g.co,Male,196.222.65.151
880,Gertrudis,Rosenblad,grosenbladof@xinhuanet.com,Female,104.174.199.186
881,Darnell,McCaughren,dmccaughrenog@earthlink.net,Male,79.160.134.215
882,Desirae,Tiley,dtileyoh@symantec.com,Female,133.90.117.139
883,Jandy,Screach,jscreachoi@psu.edu,Female,133.119.73.176
884,Xaviera,Vel,xveloj@creativecommons.org,Female,142.186.54.31
885,Morten,Lackeye,mlackeyeok@ehow.com,Male,28.186.147.192
886,Madelin,Kitchener,mkitchenerol@wp.com,Female,1.35.212.79
887,Monty,Tilson,mtilsonom@weather.com,Male,160.71.75.12
888,Jolee,Chatenier,jchatenieron@time.com,Female,128.116.218.21
889,Katerine,Stoffler,kstoffleroo@umich.edu,Female,193.97.51.83
890,Christina,Cottey,ccotteyop@lycos.com,Female,157.254.95.70
891,Sully,Bampfield,sbampfieldoq@jigsy.com,Male,86.201.216.156
892,Garwood,Champley,gchampleyor@toplist.cz,Male,141.11.6.135
893,Julian,Dain,jdainos@army.mil,Male,157.213.184.239
894,Silvie,Leverson,sleversonot@princeton.edu,Female,226.95.117.90
895,Markos,Baile,mbaileou@digg.com,Male,212.60.25.9
896,Vinnie,Petriello,vpetrielloov@prlog.org,Female,190.145.132.73
897,Amabel,Kirrens,akirrensow@eepurl.com,Female,207.229.210.247
898,Zondra,Kimblen,zkimblenox@vinaora.com,Female,41.39.227.15
899,Zita,Zywicki,zzywickioy@bravesites.com,Female,52.185.158.103
900,Moe,Walne,mwalneoz@intel.com,Male,85.206.175.179
901,Christiane,Blaxter,cblaxterp0@t-online.de,Female,13.92.232.222
902,Andi,Edelmann,aedelmannp1@thetimes.co.uk,Female,116.251.188.71
903,Tillie,Brozsset,tbrozssetp2@nba.com,Female,113.230.34.38
904,Lizette,Tinner,ltinnerp3@pen.io,Female,213.166.140.95
905,Kippie,Headings,kheadingsp4@51.la,Male,86.160.119.34
906,Lilith,Gioan,lgioanp5@etsy.com,Female,222.97.59.68
907,Alec,Custard,acustardp6@cpanel.net,Male,242.41.68.254
908,Oren,Veeler,oveelerp7@gmpg.org,Male,39.149.32.116
909,Worthington,Lincke,wlinckep8@irs.gov,Male,189.235.176.196
910,Ericka,Enriques,eenriquesp9@hatena.ne.jp,Female,84.104.47.88
911,Leonerd,Syalvester,lsyalvesterpa@washington.edu,Male,46.134.53.169
912,Willard,Dalgliesh,wdalglieshpb@geocities.jp,Male,37.169.53.148
913,Kelcy,Lansley,klansleypc@mediafire.com,Female,166.218.41.73
914,Hedvige,Doe,hdoepd@t.co,Female,118.239.24.4
915,Lothario,Chasteau,lchasteaupe@github.io,Male,24.62.140.15
916,Gwenny,Bricket,gbricketpf@cbsnews.com,Female,103.203.181.209
917,Ermengarde,Fear,efearpg@alexa.com,Female,53.34.105.142
918,Zorine,Varndall,zvarndallph@desdev.cn,Female,60.21.21.17
919,Paulie,Penwell,ppenwellpi@psu.edu,Male,50.233.206.54
920,Lennie,Petschelt,lpetscheltpj@yahoo.co.jp,Male,9.14.226.125
921,Nessi,Steffans,nsteffanspk@skyrock.com,Female,241.0.194.88
922,Raviv,Zanardii,rzanardiipl@icio.us,Male,132.24.169.155
923,Marti,Lord,mlordpm@japanpost.jp,Female,86.228.113.139
924,Fairlie,Getcliff,fgetcliffpn@godaddy.com,Male,90.186.4.147
925,Paxon,Bertie,pbertiepo@bandcamp.com,Male,45.126.37.180
926,Sammie,Moff,smoffpp@google.es,Male,186.170.158.117
927,Connie,Poser,cposerpq@google.com,Male,153.15.122.13
928,Rog,Charnley,rcharnleypr@msn.com,Male,81.169.158.202
929,Alfred,Machon,amachonps@ifeng.com,Male,37.58.138.190
930,Frederigo,Powney,fpowneypt@mashable.com,Male,100.176.26.0
931,Guglielmo,Langtree,glangtreepu@odnoklassniki.ru,Male,168.96.48.39
932,Stavro,Forton,sfortonpv@walmart.com,Male,198.239.105.230
933,Tan,Digweed,tdigweedpw@ehow.com,Male,236.96.44.127
934,Trace,Gabbidon,tgabbidonpx@abc.net.au,Male,238.136.209.227
935,Tristan,Ropking,tropkingpy@hostgator.com,Male,14.12.252.199
936,Drucie,Melledy,dmelledypz@angelfire.com,Female,246.139.6.161
937,Shayne,Lafrentz,slafrentzq0@opera.com,Male,177.119.191.24
938,Stesha,Ruppert,sruppertq1@buzzfeed.com,Female,126.165.133.167
939,Pandora,Hallor,phallorq2@hhs.gov,Female,238.151.61.99
940,Harwell,Grestye,hgrestyeq3@yale.edu,Male,85.60.116.154
941,Sheela,Pottell,spottellq4@ft.com,Female,57.168.144.162
942,Shalna,Ship,sshipq5@phpbb.com,Female,49.246.40.47
943,Sumner,Aloigi,saloigiq6@aboutads.info,Male,247.5.15.122
944,Didi,Leacy,dleacyq7@dyndns.org,Female,175.41.99.108
945,Arman,Littell,alittellq8@vkontakte.ru,Male,40.165.242.209
946,Marie-jeanne,Lerer,mlererq9@ask.com,Female,191.57.14.85
947,Cherida,Blazevic,cblazevicqa@imageshack.us,Female,105.213.228.28
948,Stefan,Rigbye,srigbyeqb@princeton.edu,Male,213.158.63.231
949,Jania,Varrow,jvarrowqc@marketwatch.com,Female,227.231.126.118
950,Taber,Pantone,tpantoneqd@wsj.com,Male,131.77.61.162
951,Leontyne,Neames,lneamesqe@163.com,Female,70.81.126.99
952,Skipper,Hudson,shudsonqf@smh.com.au,Male,221.158.110.190
953,Ardelia,Visco,aviscoqg@over-blog.com,Female,115.69.141.133
954,Leonanie,Eglise,legliseqh@yahoo.com,Female,183.102.232.132
955,Royce,Benjefield,rbenjefieldqi@google.cn,Male,82.107.55.76
956,Eadith,Colegate,ecolegateqj@wsj.com,Female,165.10.87.135
957,Chrisse,Brolly,cbrollyqk@google.co.uk,Male,88.3.130.60
958,Lotty,Umbert,lumbertql@guardian.co.uk,Female,140.221.93.159
959,Kiley,Borwick,kborwickqm@clickbank.net,Male,45.245.121.190
960,Cornelius,Wendover,cwendoverqn@purevolume.com,Male,19.95.52.180
961,Tanny,Blasing,tblasingqo@google.ru,Male,216.139.107.113
962,Neala,Malek,nmalekqp@bing.com,Female,38.86.171.187
963,Kylila,Simionescu,ksimionescuqq@dyndns.org,Female,166.195.36.138
964,Adria,Glader,agladerqr@epa.gov,Female,8.222.47.220
965,Aloysius,Vail,availqs@netvibes.com,Male,28.187.111.79
966,Web,Perrone,wperroneqt@sohu.com,Male,59.159.84.100
967,Bail,Olley,bolleyqu@yellowpages.com,Male,246.196.180.212
968,Lek,Learie,llearieqv@newsvine.com,Male,56.11.154.16
969,Mayor,Bann,mbannqw@businesswire.com,Male,61.47.156.37
970,Bram,Moles,bmolesqx@chronoengine.com,Male,176.47.156.18
971,Francis,Skittles,fskittlesqy@linkedin.com,Male,121.204.28.29
972,Fields,Grabham,fgrabhamqz@hud.gov,Male,202.5.102.169
973,Thorsten,Aldrich,taldrichr0@netlog.com,Male,195.174.229.169
974,Lyman,Bristow,lbristowr1@washingtonpost.com,Male,62.100.28.182
975,Horatio,Greystoke,hgreystoker2@vimeo.com,Male,209.70.117.33
976,Karel,Haborn,khabornr3@usda.gov,Male,141.55.85.227
977,Daria,Lamps,dlampsr4@so-net.ne.jp,Female,190.212.128.148
978,Mose,Mustin,mmustinr5@thetimes.co.uk,Male,42.72.166.73
979,Blaire,Dole,bdoler6@goo.gl,Female,225.133.144.19
980,Whittaker,Breeds,wbreedsr7@tinypic.com,Male,210.11.202.29
981,Link,Berrane,lberraner8@icq.com,Male,97.4.99.207
982,Bailey,Slark,bslarkr9@virginia.edu,Male,246.238.166.232
983,Nadia,Averill,naverillra@google.ru,Female,245.86.66.228
984,Ignace,Kewley,ikewleyrb@java.com,Male,136.223.69.219
985,Esta,Aers,eaersrc@webeden.co.uk,Female,208.68.38.251
986,Auroora,Banasevich,abanasevichrd@live.com,Female,54.32.164.139
987,Mayor,Kondratyuk,mkondratyukre@mail.ru,Male,0.76.174.188
988,Berne,Colmore,bcolmorerf@howstuffworks.com,Male,177.163.242.75
989,Alfonso,Lindro,alindrorg@bandcamp.com,Male,171.57.73.243
990,Parry,Messer,pmesserrh@bizjournals.com,Male,167.9.67.215
991,Cordelie,Cholton,ccholtonri@nbcnews.com,Female,10.156.95.242
992,Link,Ogus,logusrj@archive.org,Male,22.167.162.233
993,Cece,Bulman,cbulmanrk@spotify.com,Male,31.217.234.110
994,Puff,Sheed,psheedrl@feedburner.com,Male,254.135.17.66
995,Eb,Tadman,etadmanrm@earthlink.net,Male,227.42.196.40
996,Mara,Hinsche,mhinschern@topsy.com,Female,169.111.182.212
997,Bernardo,Gladdis,bgladdisro@geocities.com,Male,52.58.116.58
998,Jarred,Caudle,jcaudlerp@csmonitor.com,Male,42.114.186.50
999,Gilberte,Sinden,gsindenrq@statcounter.com,Female,113.182.97.214
1000,Shirlee,Delaprelle,sdelaprellerr@cam.ac.uk,Female,200.66.145.40
