id,first_name,last_name,email,gender,ip_address
1,Emili,Lacy,elacy0@soup.io,Female,6.163.0.181
2,Mozes,Konzel,mkonzel1@yahoo.co.jp,Male,68.9.91.92
3,Rickie,Pembry,rpembry2@dot.gov,Male,0.192.118.246
4,Earlie,McRavey,emcravey3@sina.com.cn,Male,7.169.88.127
5,Cristionna,Hallett,challett4@cmu.edu,Female,80.210.31.84
6,Claude,Yesichev,cyesichev5@archive.org,Female,252.251.31.123
7,Merline,Kleinstern,mkleinstern6@oracle.com,Female,128.101.207.60
8,Jaime,Gabala,jgabala7@hc360.com,Male,10.80.240.147
9,Linn,Waszczykowski,lwaszczykowski8@stumbleupon.com,Female,159.111.58.173
10,Dell,Jenoure,djenoure9@admin.ch,Female,52.136.167.138
11,Bartlett,Eldered,beldereda@delicious.com,Male,66.2.137.214
12,Theo,Ikringill,tikringillb@livejournal.com,Female,106.231.103.203
13,Stacy,Wayon,swayonc@chron.com,Female,98.138.61.138
14,Sanson,Jertz,sjertzd@wordpress.com,Male,134.198.81.237
15,Darb,Blasing,dblasinge@usatoday.com,Male,130.34.27.139
16,Isabella,Botly,ibotlyf@earthlink.net,Female,162.159.253.135
17,Ewart,Sculley,esculleyg@hibu.com,Male,232.27.26.61
18,Roz,Mustin,rmustinh@sbwire.com,Female,65.15.172.1
19,Katharine,Haynesford,khaynesfordi@nyu.edu,Female,16.209.61.75
20,Roxie,Soper,rsoperj@dailymail.co.uk,Female,208.247.123.103
